categories_name,categories_subcat_name,categories_subcat_url
Laboratory Supplies,Pipette Tips,https://www.thermofisher.com/search/browse/category/us/en/90140059/pipette-tips
Laboratory Supplies,Pipettes,https://www.thermofisher.com/search/browse/category/us/en/90140095/pipettes
Laboratory Supplies,Tubes,https://www.thermofisher.com/search/browse/category/us/en/90168054/tubes
Laboratory Supplies,Vials,https://www.thermofisher.com/search/browse/category/us/en/90168028/vials
Laboratory Supplies,Microplates,https://www.thermofisher.com/search/browse/category/us/en/90111007/microplates
Laboratory Supplies,Dishes,https://www.thermofisher.com/search/browse/category/us/en/90111005/dishes
Laboratory Supplies,Flasks,https://www.thermofisher.com/search/browse/category/us/en/90111009/flasks
Laboratory Supplies,Cylinders,https://www.thermofisher.com/search/browse/category/us/en/90094192/cylinders
Laboratory Supplies,Burettes,https://www.thermofisher.com/search/browse/category/us/en/90094145/burettes
Laboratory Supplies,Beakers and Lids,https://www.thermofisher.com/search/browse/category/us/en/90094007/beakers-and-lids
Laboratory Supplies,"Bottles, Jars and Jugs",https://www.thermofisher.com/search/browse/category/us/en/90094009/bottles-jars-and-jugs
Laboratory Supplies,Carboys,https://www.thermofisher.com/search/browse/category/us/en/90094163/carboys
Laboratory Supplies,Tanks,https://www.thermofisher.com/search/browse/category/us/en/90094254/tanks
Laboratory Supplies,Stoppers and Closures,https://www.thermofisher.com/search/browse/category/us/en/90094224/stoppers-and-closures
Laboratory Supplies,Clamps and Supports,https://www.thermofisher.com/search/browse/category/us/en/90184187/clamps-and-supports
Laboratory Supplies,Funnels,https://www.thermofisher.com/search/browse/category/us/en/90094202/funnels
Laboratory Supplies,Filters and Filtration,https://www.thermofisher.com/search/browse/category/us/en/90179015/filters-and-filtration
Laboratory Supplies,Racks,https://www.thermofisher.com/search/browse/category/us/en/90086023/racks
Laboratory Supplies,Boxes,https://www.thermofisher.com/search/browse/category/us/en/90086019/boxes
Laboratory Supplies,Specialty Lab Glassware,https://www.thermofisher.com/search/browse/category/us/en/90094011/specialty-lab-glassware
Laboratory Supplies,Cuvets and Cells,https://www.thermofisher.com/search/browse/category/us/en/90094175/cuvets-and-cells
Laboratory Supplies,Microscope Slides,https://www.thermofisher.com/search/browse/category/us/en/90184082/microscope-slides
Laboratory Supplies,Cell Culture Utensils,https://www.thermofisher.com/search/browse/category/us/en/90184173/cell-culture-utensils
Laboratory Supplies,Animal Care and Research,https://www.thermofisher.com/search/browse/category/us/en/90165011/animal-care-and-research
Laboratory Supplies,Environmental Samplers,https://www.thermofisher.com/search/browse/category/us/en/90184259/environmental-samplers
Laboratory Supplies,Water and Wastewater Testing Supplies,https://www.thermofisher.com/search/browse/category/us/en/90177002/water-and-wastewater-testing-supplies
Laboratory Supplies,Clinical Specimen Collection,https://www.thermofisher.com/search/browse/category/us/en/90227114/clinical-specimen-collection
Laboratory Supplies,First Aid and Medical,https://www.thermofisher.com/search/browse/category/us/en/90150554/first-aid-and-medical
Laboratory Supplies,Personal Protective Equipment,https://www.thermofisher.com/search/browse/category/us/en/90136014/personal-protective-equipment
Laboratory Supplies,Thermometers and Temperature Measurement,https://www.thermofisher.com/search/browse/category/us/en/90151121/thermometers-and-temperature-measurement
Laboratory Supplies,Timekeeping,https://www.thermofisher.com/search/browse/category/us/en/90151138/timekeeping
Laboratory Equipment,Centrifuges,https://www.thermofisher.com/search/browse/category/us/en/90180031/centrifuges
Laboratory Equipment,Incubators,https://www.thermofisher.com/search/browse/category/us/en/90088059/incubators
Laboratory Equipment,Laboratory Ventilation,https://www.thermofisher.com/search/browse/category/us/en/90200006/laboratory-ventilation
Laboratory Equipment,"Refrigerators, Freezers and Cryogenics",https://www.thermofisher.com/search/browse/category/us/en/90106013/refrigerators-freezers-and-cryogenics
Laboratory Equipment,Ovens and Furnaces,https://www.thermofisher.com/search/browse/category/us/en/90088061/ovens-and-furnaces
Laboratory Equipment,Sterilizers and Autoclaves,https://www.thermofisher.com/search/browse/category/us/en/90198051/sterilizers-and-autoclaves
Laboratory Equipment,Hotplates and Stirrers,https://www.thermofisher.com/search/browse/category/us/en/90088057/hotplates-and-stirrers
Laboratory Equipment,Baths,https://www.thermofisher.com/search/browse/category/us/en/90088063/baths
Laboratory Equipment,Mixers,https://www.thermofisher.com/search/browse/category/us/en/90179087/mixers
Laboratory Equipment,Shakers,https://www.thermofisher.com/search/browse/category/us/en/90179089/shakers
Laboratory Equipment,Sonicators,https://www.thermofisher.com/search/browse/category/us/en/90180023/sonicators
Laboratory Equipment,Desiccators,https://www.thermofisher.com/search/browse/category/us/en/90179043/desiccators
Laboratory Equipment,Evaporators,https://www.thermofisher.com/search/browse/category/us/en/90179053/evaporators
Laboratory Equipment,Freeze Dryers,https://www.thermofisher.com/search/browse/category/us/en/90179077/freeze-dryers
Laboratory Equipment,Dispensers,https://www.thermofisher.com/search/browse/category/us/en/90140017/dispensers
Laboratory Equipment,Pumps and Tubing,https://www.thermofisher.com/search/browse/category/us/en/90123002/pumps-and-tubing
Laboratory Equipment,Burners and Lighters,https://www.thermofisher.com/search/browse/category/us/en/90088055/burners-and-lighters
Laboratory Equipment,Heaters and Heating Mantles,https://www.thermofisher.com/search/browse/category/us/en/90056015/heaters-and-heating-mantles
Laboratory Equipment,Glassware Washers and Cleaners,https://www.thermofisher.com/search/browse/category/us/en/90198038/glassware-washers-and-cleaners
Laboratory Equipment,Counting Devices,https://www.thermofisher.com/search/browse/category/us/en/90206010/counting-devices
Laboratory Equipment,Dataloggers and Recorders,https://www.thermofisher.com/search/browse/category/us/en/90198025/dataloggers-and-recorders
Laboratory Equipment,Laboratory Automation,https://www.thermofisher.com/search/browse/category/us/en/90213023/laboratory-automation
Laboratory Equipment,Water Purification,https://www.thermofisher.com/search/browse/category/us/en/90177024/water-purification
Laboratory Equipment,Nucleic Acid Purification Systems,https://www.thermofisher.com/search/browse/category/us/en/90222177/nucleic-acid-purification-systems
Laboratory Equipment,Gel Electrophoresis Equipment,https://www.thermofisher.com/search/browse/category/us/en/90155040/gel-electrophoresis-equipment
Laboratory Equipment,Western Blot Equipment and Supplies,https://www.thermofisher.com/search/browse/category/us/en/90155095/western-blot-equipment-and-supplies
Laboratory Equipment,Bioprocess Systems and Accessories,https://www.thermofisher.com/search/browse/category/us/en/90220079/bioprocess-systems-and-accessories
Laboratory Equipment,Process Controllers and Analyzers,https://www.thermofisher.com/search/browse/category/us/en/90198081/process-controllers-and-analyzers
Laboratory Equipment,Specialty Lab Equipment,https://www.thermofisher.com/search/browse/category/us/en/90206121/specialty-lab-equipment
Laboratory Equipment,Furniture,https://www.thermofisher.com/search/browse/category/us/en/90200079/furniture
Laboratory Equipment,Lab Electrical Equipment,https://www.thermofisher.com/search/browse/category/us/en/90206062/lab-electrical-equipment
Laboratory Instruments,Balances and Scales,https://www.thermofisher.com/search/browse/category/us/en/90165051/balances-and-scales
Laboratory Instruments,pH and Electrochemistry,https://www.thermofisher.com/search/browse/category/us/en/90151021/ph-and-electrochemistry
Laboratory Instruments,Microplate Readers and Accessories,https://www.thermofisher.com/search/browse/category/us/en/90227202/microplate-readers-and-accessories
Laboratory Instruments,Flow Cytometry Products,https://www.thermofisher.com/search/browse/category/us/en/90220114/flow-cytometry-products
Laboratory Instruments,Cellular Imaging,https://www.thermofisher.com/search/browse/category/us/en/90220128/cellular-imaging
Laboratory Instruments,Microscopes,https://www.thermofisher.com/search/browse/category/us/en/90184104/microscopes
Laboratory Instruments,Electron Microscopes,https://www.thermofisher.com/search/browse/category/us/en/90184048/electron-microscopes
Laboratory Instruments,Nucleic Acid Purification Systems,https://www.thermofisher.com/search/browse/category/us/en/90222177/nucleic-acid-purification-systems
Laboratory Instruments,DNA Sequencing Systems,https://www.thermofisher.com/search/browse/category/us/en/90220359/dna-sequencing-systems
Laboratory Instruments,Thermal Cyclers,https://www.thermofisher.com/search/browse/category/us/en/90217014/thermal-cyclers
Laboratory Instruments,Microarray Scanners,https://www.thermofisher.com/search/browse/category/us/en/90213047/microarray-scanners
Laboratory Instruments,Clinical Analyzers and Instruments,https://www.thermofisher.com/search/browse/category/us/en/90220341/clinical-analyzers-and-instruments
Laboratory Instruments,Susceptibility Testing Systems,https://www.thermofisher.com/search/browse/category/us/en/90222073/susceptibility-testing-systems
Laboratory Instruments,Chromatography Systems,https://www.thermofisher.com/search/browse/category/us/en/90126023/chromatography-systems
Laboratory Instruments,Spectrophotometry,https://www.thermofisher.com/search/browse/category/us/en/90207139/spectrophotometry
Laboratory Instruments,Spectroscopy,https://www.thermofisher.com/search/browse/category/us/en/90206123/spectroscopy
Laboratory Instruments,Mass Spectrometers,https://www.thermofisher.com/search/browse/category/us/en/90207125/mass-spectrometers
Laboratory Instruments,Laboratory Automation,https://www.thermofisher.com/search/browse/category/us/en/90213023/laboratory-automation
Laboratory Instruments,Materials Testing Instruments,https://www.thermofisher.com/search/browse/category/us/en/90227247/materials-testing-instruments
Laboratory Instruments,Electronics Testing Systems and Simulators,https://www.thermofisher.com/search/browse/category/us/en/90227267/electronics-testing-systems-and-simulators
Laboratory Instruments,Water and Wastewater Systems,https://www.thermofisher.com/search/browse/category/us/en/90177020/water-and-wastewater-systems
Laboratory Instruments,Industrial Hygiene and Environmental Monitoring,https://www.thermofisher.com/search/browse/category/us/en/90150352/industrial-hygiene-and-environmental-monitoring
Laboratory Instruments,Nuclear Reactor Measurement Devices,https://www.thermofisher.com/search/browse/category/us/en/90206071/nuclear-reactor-measurement-devices
Laboratory Instruments,Phase Change Instruments,https://www.thermofisher.com/search/browse/category/us/en/90206081/phase-change-instruments
Laboratory Instruments,Process Controllers and Analyzers,https://www.thermofisher.com/search/browse/category/us/en/90198081/process-controllers-and-analyzers
Laboratory Instruments,Flow Analysis,https://www.thermofisher.com/search/browse/category/us/en/90206046/flow-analysis
Laboratory Instruments,Refractometers,https://www.thermofisher.com/search/browse/category/us/en/90206095/refractometers
Laboratory Instruments,Tensiometry,https://www.thermofisher.com/search/browse/category/us/en/90206103/tensiometry
Laboratory Instruments,Turbidity Measurement,https://www.thermofisher.com/search/browse/category/us/en/90206113/turbidity-measurement
Clinical & Diagnostics,Clinical Analyzers and Instruments,https://www.thermofisher.com/search/browse/category/us/en/90220341/clinical-analyzers-and-instruments
Clinical & Diagnostics,DNA Sequencing Systems,https://www.thermofisher.com/search/browse/category/us/en/90220359/dna-sequencing-systems
Clinical & Diagnostics,Microarray Kits,https://www.thermofisher.com/search/browse/category/us/en/90222051/microarray-kits
Clinical & Diagnostics,Clinical Specimen Collection,https://www.thermofisher.com/search/browse/category/us/en/90227114/clinical-specimen-collection
Clinical & Diagnostics,Diagnostic Tests and Controls,https://www.thermofisher.com/search/browse/category/us/en/90223038/diagnostic-tests-and-controls
Clinical & Diagnostics,"Blood, Hematology and Coagulation Testing Products",https://www.thermofisher.com/search/browse/category/us/en/90220160/blood-hematology-and-coagulation-testing-products
Clinical & Diagnostics,Microbial Identification Test Kits,https://www.thermofisher.com/search/browse/category/us/en/90220200/microbial-identification-test-kits
Clinical & Diagnostics,Microbiological Media and Media Additives,https://www.thermofisher.com/search/browse/category/us/en/90222004/microbiological-media-and-media-additives
Clinical & Diagnostics,Microbiology Equipment,https://www.thermofisher.com/search/browse/category/us/en/90213043/microbiology-equipment
Clinical & Diagnostics,Microarray Scanners,https://www.thermofisher.com/search/browse/category/us/en/90213047/microarray-scanners
Clinical & Diagnostics,Microbiology Quality Control Supplies,https://www.thermofisher.com/search/browse/category/us/en/90222018/microbiology-quality-control-supplies
Clinical & Diagnostics,Microbiology Susceptibility Testing,https://www.thermofisher.com/search/browse/category/us/en/90222065/microbiology-susceptibility-testing
Chromatography & Mass Spectrometry,Chromatography Systems,https://www.thermofisher.com/search/browse/category/us/en/90126023/chromatography-systems
Chromatography & Mass Spectrometry,Mass Spectrometers,https://www.thermofisher.com/search/browse/category/us/en/90207125/mass-spectrometers
Chromatography & Mass Spectrometry,Chromatography Columns and Cartridges,https://www.thermofisher.com/search/browse/category/us/en/90126197/chromatography-columns-and-cartridges
Chromatography & Mass Spectrometry,Chromatography Supplies,https://www.thermofisher.com/search/browse/category/us/en/90126085/chromatography-supplies
Chromatography & Mass Spectrometry,Solid Phase Extraction,https://www.thermofisher.com/search/browse/category/us/en/90126105/solid-phase-extraction
Chromatography & Mass Spectrometry,Partition Chromatography,https://www.thermofisher.com/search/browse/category/us/en/90169026/partition-chromatography
Chromatography & Mass Spectrometry,Hydrophobic Interaction Chromatography Reagents and Supplies,https://www.thermofisher.com/search/browse/category/us/en/90220075/hydrophobic-interaction-chromatography-reagents-and-supplies
Chromatography & Mass Spectrometry,Chromatography Syringes,https://www.thermofisher.com/search/browse/category/us/en/90126143/chromatography-syringes
Chromatography & Mass Spectrometry,"Autosampler Vials, Inserts, and Closures",https://www.thermofisher.com/search/browse/category/us/en/90168032/autosampler-vials-inserts-and-closures
Chromatography & Mass Spectrometry,Microplates,https://www.thermofisher.com/search/browse/category/us/en/90111007/microplates
Cell Culture,Cell Lines and Blood Products,https://www.thermofisher.com/search/browse/category/us/en/90217088/cell-lines-and-blood-products
Cell Culture,Cell Culture Media,https://www.thermofisher.com/search/browse/category/us/en/90217060/cell-culture-media
Cell Culture,Antibiotics and Supplements,https://www.thermofisher.com/search/browse/category/us/en/90217044/antibiotics-and-supplements
Cell Culture,Biochemical Reagents,https://www.thermofisher.com/search/browse/category/us/en/80013460/biochemical-reagents
Cell Culture,Cell Culture Flasks,https://www.thermofisher.com/search/browse/category/us/en/90111064/cell-culture-flasks
Cell Culture,Cell Culture Microplates,https://www.thermofisher.com/search/browse/category/us/en/90154004/cell-culture-microplates
Cell Culture,Cell Culture Tubes,https://www.thermofisher.com/search/browse/category/us/en/90168072/cell-culture-tubes
Cell Culture,CO2 Incubators,https://www.thermofisher.com/search/browse/category/us/en/90088090/co2-incubators
Protein & Cell Analysis,Antibodies,https://www.thermofisher.com/us/en/home/life-science/antibodies.html
Protein & Cell Analysis,Life Science Research ELISA Kits,https://www.thermofisher.com/us/en/home/life-science/antibodies/immunoassays/elisa-kits.html
Protein & Cell Analysis,Bead Based Assays,https://www.thermofisher.com/us/en/home/life-science/antibodies/immunoassays/procartaplex-assays-luminex.html
Protein & Cell Analysis,ELISA Substrates and Reagents,https://www.thermofisher.com/search/browse/category/us/en/90155135/elisa-substrates-and-reagents
Protein & Cell Analysis,Biochemical Reagents,https://www.thermofisher.com/search/browse/category/us/en/80013460/biochemical-reagents
Protein & Cell Analysis,Buffers and Standards,https://www.thermofisher.com/search/browse/category/us/en/80013461/buffers-and-standards
Protein & Cell Analysis,Protein Analysis Reagents,https://www.thermofisher.com/search/browse/category/us/en/90222211/protein-analysis-reagents
Protein & Cell Analysis,Protein Assays,https://www.thermofisher.com/search/browse/category/us/en/90222294/protein-assays
Protein & Cell Analysis,Dialysis and Desalting,https://www.thermofisher.com/search/browse/category/us/en/90222241/dialysis-and-desalting
Protein & Cell Analysis,Protein Purification,https://www.thermofisher.com/search/browse/category/us/en/90222320/protein-purification
Protein & Cell Analysis,Gel Electrophoresis Equipment and Supplies,https://www.thermofisher.com/search/browse/category/us/en/90158008/gel-electrophoresis-equipment-and-supplies
Protein & Cell Analysis,Western Blot Equipment and Supplies,https://www.thermofisher.com/search/browse/category/us/en/90155095/western-blot-equipment-and-supplies
Protein & Cell Analysis,Western Blot Products,https://www.thermofisher.com/search/browse/category/us/en/90155038/western-blot-products
Protein & Cell Analysis,Flow Cytometry Products,https://www.thermofisher.com/search/browse/category/us/en/90220114/flow-cytometry-products
Protein & Cell Analysis,Cell Analysis Products,https://www.thermofisher.com/search/browse/category/us/en/90220098/cell-analysis-products
Protein & Cell Analysis,Cellular Imaging,https://www.thermofisher.com/search/browse/category/us/en/90220128/cellular-imaging
Protein & Cell Analysis,Microscopes,https://www.thermofisher.com/search/browse/category/us/en/90184104/microscopes
Protein & Cell Analysis,Spectroscopy,https://www.thermofisher.com/search/browse/category/us/en/90206123/spectroscopy
Protein & Cell Analysis,Microplate Readers and Accessories,https://www.thermofisher.com/search/browse/category/us/en/90227202/microplate-readers-and-accessories
Protein & Cell Analysis,Microplates,https://www.thermofisher.com/search/browse/category/us/en/90111007/microplates
Protein & Cell Analysis,Centrifuge Tubes,https://www.thermofisher.com/search/browse/category/us/en/90168074/centrifuge-tubes
Molecular Biology & Nucleic Acid Analysis,Buffers and Standards,https://www.thermofisher.com/search/browse/category/us/en/80013461/buffers-and-standards
Molecular Biology & Nucleic Acid Analysis,Molecular Biology Reagents and Kits,https://www.thermofisher.com/search/browse/category/us/en/90222165/molecular-biology-reagents-and-kits
Molecular Biology & Nucleic Acid Analysis,Enzymes and Inhibitors,https://www.thermofisher.com/search/browse/category/us/en/90220140/enzymes-and-inhibitors
Molecular Biology & Nucleic Acid Analysis,Biochemical Reagents,https://www.thermofisher.com/search/browse/category/us/en/80013460/biochemical-reagents
Molecular Biology & Nucleic Acid Analysis,Nucleic Acid Synthesis,https://www.thermofisher.com/search/browse/category/us/en/90222183/nucleic-acid-synthesis
Molecular Biology & Nucleic Acid Analysis,DNA Reagents,https://www.thermofisher.com/search/browse/category/us/en/90220048/dna-reagents
Molecular Biology & Nucleic Acid Analysis,RNAi and RNA Reagents,https://www.thermofisher.com/search/browse/category/us/en/90222199/rnai-and-rna-reagents
Molecular Biology & Nucleic Acid Analysis,Microarray Kits,https://www.thermofisher.com/search/browse/category/us/en/90222051/microarray-kits
Molecular Biology & Nucleic Acid Analysis,Gel Electrophoresis Equipment and Supplies,https://www.thermofisher.com/search/browse/category/us/en/90158008/gel-electrophoresis-equipment-and-supplies
Molecular Biology & Nucleic Acid Analysis,Nucleic Acid Purification Systems,https://www.thermofisher.com/search/browse/category/us/en/90222177/nucleic-acid-purification-systems
Molecular Biology & Nucleic Acid Analysis,DNA Sequencing Systems,https://www.thermofisher.com/search/browse/category/us/en/90220359/dna-sequencing-systems
Molecular Biology & Nucleic Acid Analysis,PCR Equipment and Supplies,https://www.thermofisher.com/search/browse/category/us/en/90217008/pcr-equipment-and-supplies
Molecular Biology & Nucleic Acid Analysis,Thermal Cyclers,https://www.thermofisher.com/search/browse/category/us/en/90217014/thermal-cyclers
Molecular Biology & Nucleic Acid Analysis,Fluorometers,https://www.thermofisher.com/search/browse/category/us/en/90207107/fluorometers
Molecular Biology & Nucleic Acid Analysis,Microplates,https://www.thermofisher.com/search/browse/category/us/en/90111007/microplates
Molecular Biology & Nucleic Acid Analysis,PCR Tubes,https://www.thermofisher.com/search/browse/category/us/en/90168092/pcr-tubes
Sequence-Specific Nucleic Acid Products,TaqMan Assay & Array Search,https://www.thermofisher.com/us/en/home/life-science/pcr/real-time-pcr/real-time-pcr-assays.html
Sequence-Specific Nucleic Acid Products,TaqMan Custom Array Configurator,https://www.thermofisher.com/us/en/home/life-science/pcr/real-time-pcr/real-time-pcr-assays/taqman-gene-expression/real-time-pcr-taqman-arrays.html
Sequence-Specific Nucleic Acid Products,TaqMan Custom Assay Design Tool,https://www.thermofisher.com/us/en/home/life-science/pcr/real-time-pcr/real-time-pcr-assays/taqman-gene-expression/custom-taqman-gene-expression-assays.html
Sequence-Specific Nucleic Acid Products,TaqMan Custom Small RNA Assay Design Tool,https://www.thermofisher.com/us/en/home/life-science/pcr/real-time-pcr/real-time-pcr-assays/mirna-ncrna-taqman-assays/custom-taqman-small-rna-assays.html
Sequence-Specific Nucleic Acid Products,TaqMan Custom Copy Number Assay Builder,https://www.thermofisher.com/us/en/home/life-science/pcr/real-time-pcr/real-time-pcr-assays/cnv-analysis-using-taqman/custom-custom-plus-taqman-cnv.html
Sequence-Specific Nucleic Acid Products,TaqMan Custom Probe & Primer Design Tool,https://www.thermofisher.com/us/en/home/life-science/oligonucleotides-primers-probes-genes/applied-biosystems-custom-primers-probes.html
Sequence-Specific Nucleic Acid Products,Custom DNA Oligos,https://www.thermofisher.com/us/en/home/life-science/oligonucleotides-primers-probes-genes/custom-dna-oligos.html
Sequence-Specific Nucleic Acid Products,PCR & Sanger Sequencing Primer Designer Tool,https://www.thermofisher.com/us/en/home/life-science/sequencing/sanger-sequencing/pre-designed-primers-pcr-sanger-sequencing.html
Sequence-Specific Nucleic Acid Products,Invitrogen RNAi Oligos,https://www.thermofisher.com/us/en/home/life-science/rnai.html
Sequence-Specific Nucleic Acid Products,siRNA Selection & Design Tools,https://www.thermofisher.com/us/en/home/life-science/rnai/synthetic-rnai-analysis.html
Sequence-Specific Nucleic Acid Products,miRNA Mimics & Inhibitors,https://www.thermofisher.com/us/en/home/life-science/epigenetics-noncoding-rna-research/mirna-analysis/mirna-mimics-inhibitors.html
Sequence-Specific Nucleic Acid Products,Invitrogen Clone Collection CloneRanger Search Tool,https://www.thermofisher.com/us/en/home/life-science/cloning/clone-collections/clone-collection-selection-guide.html
Sequence-Specific Nucleic Acid Products,Ultimate ORF Clones Browser,https://www.thermofisher.com/us/en/home/life-science/cloning/clone-collections/ultimate-orf-clone-collection.html
Sequence-Specific Nucleic Acid Products,GeneArt Seamless Cloning DNA Oligo Designer,https://www.thermofisher.com/us/en/home/life-science/cloning/seamless-cloning-and-genetic-assembly/geneart-seamless-cloning-and-assembly.html
Sequence-Specific Nucleic Acid Products,GeneArt Gene Synthesis Instant Designer,https://www.thermofisher.com/us/en/home/life-science/cloning/gene-synthesis/geneart-gene-synthesis.html
Sequence-Specific Nucleic Acid Products,CRISPR gRNA Search & Custom Ordering Tool,https://www.thermofisher.com/us/en/home/life-science/genome-editing/geneart-crispr/crispr-libraries/trueguide-grnas.html
Sequence-Specific Nucleic Acid Products,ViewRNA ISH Assay Search,https://www.thermofisher.com/us/en/home/life-science/cell-analysis/cellular-imaging/in-situ-hybridization-ish/viewrna-ish-assays.html
Sequence-Specific Nucleic Acid Products,QuantiGene RNA Assays for Luminex Platform,https://www.thermofisher.com/us/en/home/life-science/gene-expression-analysis-genotyping/quantigene-rna-assays.html
